{
  "swagger" : "2.0",
  "info" : {
    "description" : "defaultDescription",
    "version" : "0.1",
    "title" : "defaultTitle"
  },
  "tags" : [ {
    "name" : "Todo"
  } ],
  "paths" : {
    "/todos" : {
      "get" : {
        "tags" : [ "Todo" ],
        "produces" : [ "application/json" ],
        "parameters" : [ {
          "name" : "q",
          "in" : "query",
          "description" : "Full-text search",
          "required" : false,
          "type" : "string",
          "x-example" : "test"
        }, {
          "name" : "_order",
          "in" : "query",
          "description" : "Sort direction desc|asc",
          "required" : false,
          "type" : "string",
          "x-example" : "desc|asc"
        }, {
          "name" : "_sort",
          "in" : "query",
          "description" : "Sort field",
          "required" : false,
          "type" : "string",
          "x-example" : "completed"
        }, {
          "name" : "_page",
          "in" : "query",
          "required" : false,
          "type" : "string",
          "x-example" : "2"
        }, {
          "name" : "_limit",
          "in" : "query",
          "required" : false,
          "type" : "string",
          "x-example" : "100"
        } ],
        "responses" : {
          "200" : {
            "description" : "Definition generated from Swagger Inspector",
            "schema" : {
              "$ref" : "#/definitions/TodoModelList"
            }
          }
        }
      },
      "post" : {
        "tags" : [ "Todo" ],
        "consumes" : [ "application/json" ],
        "produces" : [ "application/json" ],
        "parameters" : [ {
          "in" : "body",
          "name" : "body",
          "required" : false,
          "schema" : {
            "$ref" : "#/definitions/TodoCreateModel"
          },
          "x-examples" : {
            "application/json" : "{\n    \"title\": \"Test1\",\n    \"completed\": false\n}"
          }
        } ],
        "responses" : {
          "201" : {
            "description" : "Definition generated from Swagger Inspector",
            "schema" : {
              "$ref" : "#/definitions/TodoModel"
            }
          }
        }
      }
    },
    "/todos/{id}" : {
      "get" : {
        "tags" : [ "Todo" ],
        "produces" : [ "application/json" ],
        "parameters" : [ {
          "name" : "id",
          "in" : "path",
          "description" : "The ID of the post to retrieve",
          "required" : true,
          "type" : "integer"
        } ],
        "responses" : {
          "200" : {
            "description" : "Definition generated from Swagger Inspector",
            "schema" : {
              "$ref" : "#/definitions/TodoModel"
            }
          },
          "404" : {
            "description" : "Definition generated from Swagger Inspector"
          }
        }
      },
      "put" : {
        "tags" : [ "Todo" ],
        "consumes" : [ "application/json" ],
        "produces" : [ "application/json" ],
        "parameters" : [ {
          "name" : "id",
          "in" : "path",
          "description" : "The ID of the post to retrieve",
          "required" : true,
          "type" : "integer"
        }, {
          "in" : "body",
          "name" : "body",
          "required" : false,
          "schema" : {
            "$ref" : "#/definitions/TodoModel"
          },
          "x-examples" : {
            "application/json" : "{\n    \"userId\": 1,\n    \"id\": 1,\n    \"title\": \"delectus aut autem\",\n    \"completed\": false\n}"
          }
        } ],
        "responses" : {
          "200" : {
            "description" : "Definition generated from Swagger Inspector",
            "schema" : {
              "$ref" : "#/definitions/TodoModel"
            }
          }
        }
      },
      "delete" : {
        "tags" : [ "Todo" ],
        "consumes" : [ "application/json" ],
        "produces" : [ "application/json" ],
        "parameters" : [ {
          "name" : "id",
          "in" : "path",
          "description" : "The ID of the post to retrieve",
          "required" : true,
          "type" : "integer"
        } ],
        "responses" : {
          "200" : {
            "description" : "Definition generated from Swagger Inspector"
          }
        }
      },
      "patch" : {
        "tags" : [ "Todo" ],
        "consumes" : [ "application/json" ],
        "produces" : [ "application/json" ],
        "parameters" : [ {
          "name" : "id",
          "in" : "path",
          "description" : "The ID of the post to retrieve",
          "required" : true,
          "type" : "integer"
        } ],
        "responses" : {
          "200" : {
            "description" : "Definition generated from Swagger Inspector",
            "schema" : {
              "$ref" : "#/definitions/TodoCreateModel"
            }
          }
        }
      }
    }
  },
  "definitions" : {
    "TodoModel" : {
      "properties" : {
        "id" : {
          "type" : "integer",
          "format" : "int32"
        },
        "title" : {
          "type" : "string"
        },
        "completed" : {
          "type" : "boolean"
        }
      }
    },
    "TodoCreateModel" : {
      "properties" : {
        "title" : {
          "type" : "string"
        },
        "completed" : {
          "type" : "boolean"
        }
      }
    },
    "TodoModelList" : {
      "type" : "array",
      "items" : {
        "$ref" : "#/definitions/TodoModel"
      }
    }
  }
}